{
  "speakers": [
    {
      "cluster_id": 0,
      "label": "Speaker_01",
      "identified": false,
      "duration_sec": 500.884,
      "confidence": 0,
      "embedding": [-0.973666, -0.229504, -2.69903, -1.83717, -0.929471, -1.49332, 0.210663, -0.62962, -1.9756, -0.241306, -0.160361, -2.3083, 0.405154, 1.52332, -2.92121, -0.193094, -0.17984, -0.157728, -1.82223, -0.106554, 2.76297, -2.21586, 1.15151, -0.294731, 0.180295, -0.842124, -1.35387, 0.193128, -1.05334, -0.632918, -2.41016, 1.19215, -0.222208, 0.831062, -0.760768, 0.990216, 1.75549, -1.34883, 0.281134, 0.237918, -0.54298, 0.571014, 2.13957, 0.384582, 0.353709, -0.359133, -0.79563, -2.00867, -0.615774, -0.526748, 0.672945, 2.16711, 2.67248, 3.64486, -0.558688, -1.75706, 1.36336, 0.582908, 2.00785, -1.19558, -0.648107, -0.0171211, -1.11911, 0.421224, -0.988021, -1.76465, 0.182303, -0.345246, -0.379807, 0.226776, -3.29923, -0.361864, -0.822236, 0.945658, -2.153, -0.394186, 1.02474, 0.0142801, 0.0311427, 1.10682, -0.362998, -0.329373, -0.102323, 0.430901, 1.02985, 1.74512, -0.196859, -1.91703, -1.25307, 0.427263, 0.659581, 2.21465, -0.396013, 1.33538, -2.78634, -1.04423, 1.65826, -1.20122, -1.57753, -0.624051, -1.11793, 0.478543, -0.321565, -0.904027, 0.942171, -0.00983129, -1.1223, -0.563264, 0.116499, -0.818726, 0.640537, 0.983025, -0.599453, -1.42041, 1.60735, -0.234316, -2.04932, 1.28512, 1.64401, 0.0343767, -0.185493, -0.321858, 0.0187175, -0.55665, -1.84723, 1.17515, 0.369546, -1.02485, 0.801747, -1.67451, 0.416201, 0.607837, -0.394272, 1.50022, 0.135655, -0.683188, -0.964055, -0.477981, 1.83556, 0.521524, -1.23966, -0.751747, -0.745124, 1.53951, -0.315237, 0.335183, -0.121606, 2.06395, -0.337241, -0.785672, 0.00968746, -0.522187, 0.365033, 0.986549, -1.13866, 1.00168, 0.00860541, 0.585085, -0.784369, 0.861573, 0.679233, 0.582373, 1.36692, 1.71479, -0.445176, 0.0831356, 0.472488, -0.600299, 0.148601, 1.10676, -0.547316, -0.828528, -0.65059, -0.690892, 0.0867673, 0.685591, -2.07359, -1.50656, -0.912117, 0.31591, -2.15521, -2.30192, 1.20443, 0.536929, 1.2089, 0.292148, -1.38308, 0.123484, -0.0370381, 0.885304, -1.41734, -0.0321247, 1.4888, -0.880191, -0.3614, -1.11717, -0.713236, 1.54847, 0.055368, -0.0351805, 0.496553, -0.189761, -1.8094, -0.220512, 0.635113, -0.274072, -1.21675, -0.126767, -0.726064, 0.433676, 0.58088, -0.0999003, -0.510872, 0.210956, 0.771988, -0.954303, 0.0975441, 0.687854, -0.622628, 1.04483, 0.840664, 0.0403665, -0.124808, 0.94063, 0.260441, -1.27214, 0.147022, -1.54676, -0.532981, -0.477799, -0.422885, 1.01345, 0.685253, -1.16361, 1.82197, -0.135237, -0.305015, -0.23597, 0.0116833, 0.469164, 0.792965, -0.355785, -0.0191461, -0.810647, 1.23767, -1.20106, 0.921564, 1.89398, 0.0499016, 0.601301, -0.581234, -0.298563, -0.214905, 1.36967, 0.402327, 2.35226, 0.159423, 0.484433, 1.39626, -0.861833, -0.773519, 0.444265, -0.0892732, 0.561603, 0.310564, 0.792362, 0.546883, -0.00337193, -2.1277, 1.53257, -1.04928, 0.460413, -1.51788, 1.54301, 0.578018, -0.600196, 0.202411, 2.66427, 0.861165, -0.335777, 0.37895, 0.0139243, -0.71001, -1.43701, 0.384669, -0.120038, -1.2258, -0.293438, -1.05017, 0.285158, 0.0440776, -0.488219, 1.36481, 0.0662823, -0.645685, 1.09917, 0.996735, -1.06334, -2.79069, 1.96366, -0.873824, -0.0218989, -0.056271, 0.360308, 0.415592, -2.01933, 0.482235, -0.721166, 2.22422, -2.01253, 0.46212, 0.82293, -0.5792, 1.74349, -0.175753, -2.04848, 0.0645005, -0.552764, 1.07639, -0.565541, -0.659886, -1.26625, -3.04239, -0.421518, 0.0212413, -1.48877, -0.683039, 1.59272, -1.2031, -0.585829, -1.22289, 0.258548, 0.811504, 0.361117, -1.15735, 0.961851, 2.75076, -1.24031, 0.277475, -0.755171, 1.20641, -0.402574, -0.260572, -0.547299, -1.18086, -0.501969, -0.596246, -2.15957, 0.884068, 0.0752689, 0.155737, 1.70838, -0.336107, -0.0863869, 0.980513, 0.408919, -0.577527, 2.24572, -0.964889, 0.568613, -1.21682, -1.23989, -0.602917, -0.877809, -1.14145, -0.674384, -0.735307, 0.397618, 1.013, 0.805663, -1.49423, 0.703434, -1.0477, -1.73578, -1.35614, 0.48613, -0.913768, -2.49408, -0.235906, 0.0771583, 1.54708, -0.0533617, 1.04605, 1.77781, 2.10569, 0.866161, -1.00197, 0.105816, -0.510224, -0.548875, 2.19363, -0.285609, -0.516671, 1.69271, 0.537295, -0.916481, -0.511588, -1.30688, -0.921487, 1.7223, -1.49704, 0.688765, -1.06415, -0.0252528, -0.280467, -2.16681, 3.23185, -1.05753, -0.179572, 0.623171, 0.584255, -1.04869, -0.481215, -0.0132871, -0.191084, -1.77433, 0.385525, 1.71418, 1.06169, -0.677236, -0.550044, 0.85718, -0.603962, -0.0618646, 0.588798, 0.100568, -0.15896, -0.0628848, -0.508605, 0.601063, -2.12713, -1.58034, -0.0743008, -1.53969, 0.265149, 1.19586, 0.677348, 0.395125, -1.41081, 0.540544, 0.481987, -2.30228, -0.972074, -0.443246, 0.497678, -0.150118, -1.5006, 1.91964, -0.400099, 1.3783, -0.92117, -1.51514, 0.109019, -0.094196, -1.48762, 0.476741, -0.424282, 1.34091, -0.478162, 0.448152, 0.81413, -0.53123, -0.000557565, 0.514766, 0.0470641, 1.25793, 1.18058, -2.73742, -0.529286, -1.24153, -0.539411, -3.06671, -0.165124, 0.572373, -1.04244, 0.376223, 1.45262, 1.01289, -0.145147, -0.307964, 0.647072, 0.671183, -2.10241, -0.664757, -0.422351, -0.531424, 2.26743, 1.95233, 0.855545, 0.892595, -0.0561265, 1.03889, 0.837789, -0.343983, 0.154607, -1.16038, -1.07761, 1.47768, -0.579796, 0.298978, -0.527119, -0.351738, 0.943872, -0.26192, 0.463225, -0.259994, -0.675786, 1.46059, 0.946202, 0.31037, -0.982329, -0.155542]
    },
    {
      "cluster_id": 1,
      "label": "Speaker_02",
      "identified": false,
      "duration_sec": 245.734,
      "confidence": 0,