{
  "speakers": [
    {
      "cluster_id": 0,
      "label": "Speaker_01",
      "identified": false,
      "duration_sec": 672.604,
      "confidence": 0,
      "embedding": [-1.05749, 0.437516, -2.16057, -1.32508, -0.993712, -0.544931, -0.273043, -0.420015, -1.99347, 0.0201364, 0.189314, -1.36484, 0.706991, 1.69335, -1.76093, 0.359307, -0.551647, -0.16943, -1.20515, -0.408626, 2.50356, -1.27281, 0.616104, -0.0821453, 0.561352, -0.752158, -1.26608, 0.156474, -1.03636, -0.268928, -1.88025, 0.592258, -0.185602, 1.06043, -0.82628, 0.94997, 1.18599, -0.927105, 0.484268, 0.390773, -0.580029, 0.654792, 1.50127, 0.313977, 0.213354, 0.0812682, -0.878936, -1.77639, -0.989266, -0.0596026, 0.644602, 1.41151, 2.12916, 2.61872, -0.707718, -1.31503, 1.18205, 0.0479047, 1.47908, -1.02148, -0.486342, -0.123421, -0.504025, -0.259869, -0.318642, -1.44743, 0.674803, -0.372736, 0.0943455, -0.0593201, -2.79868, -0.98232, -0.960044, 1.2401, -1.81262, -0.198386, 0.570589, -0.235022, 0.0952639, 1.266, -0.0684802, 0.13557, 0.232559, 0.00840839, 0.815983, 1.0934, -0.0420813, -1.66403, -0.697982, 0.149446, 0.279972, 1.51503, -0.393466, 0.814028, -2.07276, -0.762128, 1.11543, -0.559973, -1.33821, -0.559304, -0.519534, -0.0737192, -0.571742, -0.653796, 0.841236, 0.226495, -0.77561, -0.0140088, 0.0836162, -0.465346, 0.951583, 0.910718, 0.328727, -0.877766, 1.24308, -0.527131, -2.20632, 1.00579, 1.43163, 0.182202, 0.115298, -0.484032, -0.191625, -0.181164, -1.39829, 1.49613, 0.714265, -0.295405, 0.124383, -1.3696, 0.150024, 0.461495, 0.061746, 0.895034, 0.60159, -0.274472, -0.535837, -0.851992, 1.09187, 0.422038, -1.7276, -0.587904, -0.97432, 1.55026, -0.0818272, 0.751426, -0.247867, 1.65678, -0.404894, -0.46839, 0.486799, -0.716499, 0.434069, 0.360987, -1.76542, 0.244816, -0.421621, 0.486096, -0.324717, 1.17623, 0.702438, 0.0441128, -0.0608513, 0.910051, -1.21257, 0.546872, 0.274554, -0.745995, -0.623594, 0.739959, 0.195107, -0.326185, -0.777193, -0.802947, -6.78542e-05, 0.270331, -1.63748, -1.14419, -0.350192, 0.348778, -1.56916, -2.01095, 1.34816, 0.626696, 1.09909, 0.395656, -1.08167, 0.158238, 0.0889797, 0.442671, -0.771365, 0.138614, 1.11079, -0.368174, -0.287655, -1.09048, -0.869383, 0.737066, 0.307022, 0.00805759, -0.0324052, -0.193297, -2.26275, -0.523091, 0.637744, 0.0325097, -0.610656, -0.158128, -0.436073, 0.722908, 0.601277, -0.120138, 0.212368, -0.168818, 0.863313, -0.601746, -0.0334768, 1.0081, -0.780042, 0.796094, -0.272813, 0.0438806, 0.29999, 0.594066, 0.455984, -1.1898, 0.368105, -1.87288, -0.344948, -0.297304, -0.0437695, 1.10599, -0.220631, -0.929083, 1.79149, -0.260924, -0.234814, -0.550178, 0.198892, 0.461747, 0.82979, -1.14781, 0.570174, 0.0900694, 0.715496, -1.48375, 1.41032, 1.34736, 0.250175, 0.462835, -0.69976, -0.699118, -0.0448307, 1.86803, 0.58756, 1.7401, 0.00286172, 1.01743, 1.56696, -0.3512, -0.27679, 0.48357, -0.450635, 0.284722, 0.223753, 0.622966, 0.527482, 0.542176, -1.57333, 1.31629, -0.866713, 0.10212, -0.681812, 1.15182, 0.377653, -1.03293, 0.259098, 1.62658, 1.42317, -0.080743, 0.161364, -0.0268633, -0.0662427, -1.24245, -0.131477, 0.121613, -0.674963, -0.448583, -0.705136, -0.139449, 0.0456938, -0.0360049, 1.35452, 0.0477553, -0.558294, 0.304938, 0.888832, -1.30783, -1.84855, 1.96967, -1.21398, 0.18771, 0.147959, 0.910356, 0.540057, -1.66233, 0.481797, -0.799501, 2.13772, -1.93574, 0.529769, 0.647792, -0.140716, 1.78172, -0.686971, -2.56474, 0.241821, -0.534035, 1.49906, -0.641794, -0.678503, -1.18163, -2.26054, -0.749084, -0.363871, -0.602239, -0.865394, 0.638837, -1.22279, -0.0863779, -0.827289, 0.61192, 0.743757, 1.08922, -1.04534, 0.703413, 1.70983, -0.63127, 0.715621, -0.793661, 1.99607, 0.208732, -0.498804, -0.235674, -1.04437, -0.0650515, -0.807626, -1.66636, 0.684262, 0.215342, 0.0735704, 1.39539, -1.1159, -0.333078, 0.957579, 0.0966036, -0.868288, 1.72245, -0.471727, -0.0275057, -0.850664, -0.878132, -0.592821, -0.441726, -0.351919, -0.711714, -0.716362, 0.0601201, 0.860213, 0.536321, -0.787672, 0.324881, -1.30024, -1.32884, -1.53463, -0.256864, 0.262317, -1.55657, 0.134273, -0.00334139, 1.26401, -0.77746, 0.676847, 1.08973, 1.57895, 0.829181, -1.47385, 0.295057, -1.6607, -1.33637, 2.0924, 0.08439, -0.065134, 1.7645, 0.625025, -1.08798, -0.41968, -0.830297, -0.592563, 1.33168, -1.50051, 0.742283, -0.578966, -0.0151372, -0.271402, -2.19756, 2.28186, -0.621811, -0.553279, 0.566988, 0.601705, -0.88184, -0.0358973, 0.105263, -0.718912, -0.948172, 0.0666495, 1.95284, 0.17254, -0.237977, -0.552319, 0.646388, -0.606885, 0.444673, 0.474393, 0.291981, -0.738725, 0.0765913, 0.052283, 0.372552, -1.6645, -0.664474, -0.692776, -0.753765, 0.212222, 1.25558, 0.525364, 0.85157, -1.39845, 0.392976, 0.671248, -1.59935, -0.670141, -0.217946, 0.583947, -0.297555, -1.67761, 1.49884, -0.602851, 1.52279, -1.36324, -1.3508, -0.183922, -0.197589, -1.40281, 0.507626, -0.64135, 0.99186, -0.19686, 0.643414, -0.0525029, -0.998977, 0.319317, 0.18656, -0.216389, 0.928234, 0.791744, -2.32428, -0.95893, -0.786532, -0.309105, -2.5018, -0.407724, 0.232535, -0.395063, 0.343177, 1.54908, 1.32993, -0.69322, -0.154011, 0.312231, 0.157023, -1.70497, -0.750637, -0.155017, -0.994621, 2.0411, 1.0752, 0.845567, -0.0749368, -0.114517, 0.774709, 0.549208, -0.555946, 0.695157, -0.765112, -0.609493, 0.880126, -0.454316, 0.25232, -0.0798373, 0.0814203, 0.694583, -1.25244, 0.649695, -0.444403, -0.127442, 0.942116, 1.4889, 0.0271181, -0.547924, -0.112074]
    },
    {
      "cluster_id": 1,
      "label": "Speaker_02",
      "identified": false,
      "duration_sec": 549.585,
      "confidence": 0,